{"Registration":[
	{	"accessibleNodes":[], 
		"name":"test1_003",
		"panotype":"faroscene",
		"index":0,
		"deltastart":0,
		"deltaend":2.63894,
		"position":[0.0927153, 70.6064, 8.29421],
		"compassdirection": 179.894959125,
		"gps": "-81,1.89418e-316,1.89418e-316",
		"time": "1.3.2018 10:48:35:326",
		"angle": -1.75796,
		"eulerangle":[-0.0129988, -0.00707218, -1.75796],
		"quaternion":{"w":0.637937,"x":-0.00142312,"y":-0.0072608,"z":-0.770053}
	},
	{	"accessibleNodes":[], 
		"name":"test1_002",
		"panotype":"faroscene",
		"index":1,
		"deltastart":0,
		"deltaend":2.63894,
		"position":[-0.769807, 72.8986, 8.66174],
		"compassdirection": 120.943763365,
		"gps": "-81,1.89418e-316,1.89418e-316",
		"time": "1.3.2018 10:33:48:246",
		"angle": -0.695131,
		"eulerangle":[-0.00701899, 0.0106605, -0.695131],
		"quaternion":{"w":0.940179,"x":-0.0051151,"y":0.0038161,"z":-0.340621}
	},
	{	"accessibleNodes":[], 
		"name":"test1_000",
		"panotype":"faroscene",
		"index":2,
		"deltastart":0,
		"deltaend":2.63894,
		"position":[4.18926, 72.1465, 8.65706],
		"compassdirection": 18.22219059,
		"gps": "-81,1.89418e-316,1.89418e-316",
		"time": "1.3.2018 10:12:13:682",
		"angle": 1.30454,
		"eulerangle":[-0.0120755, 0.000733559, 1.30454],
		"quaternion":{"w":0.794694,"x":-0.00457558,"y":0.00395632,"z":0.60698}
	}]
}